Model Type,Model Labs,Threshold,Accuracy,Sensitivity,Specificity,Precision,Negative predictive value,False positive rate,False negative rate,False discovery rate
mortality,with_lab,0.31415361166000366,0.9230038022813688,0.9007782101167315,0.930188679245283,0.8066202090592335,0.9666666666666667,0.06981132075471698,0.09922178988326848,0.19337979094076654
mortality,without_lab,0.14980460703372955,0.7795572303344324,0.9015444015444015,0.7401869158878505,0.5282805429864253,0.9588377723970944,0.25981308411214954,0.09845559845559845,0.47171945701357465
