Model Type,Model Labs,Threshold,Accuracy,Sensitivity,Specificity,Precision,Negative predictive value,False positive rate,False negative rate,False discovery rate
mortality,with_lab,0.24888543784618378,0.8815165876777251,0.9038461538461539,0.8742138364779874,0.7014925373134329,0.9652777777777778,0.12578616352201258,0.09615384615384616,0.29850746268656714
mortality,without_lab,0.1025756224989891,0.7417840375586855,0.9038461538461539,0.6894409937888198,0.4845360824742268,0.9568965517241379,0.3105590062111801,0.09615384615384616,0.5154639175257731
infection,with_lab,0.40290364623069763,0.8407643312101911,0.9036144578313253,0.7702702702702703,0.8152173913043478,0.8769230769230769,0.22972972972972974,0.0963855421686747,0.18478260869565216
infection,without_lab,0.31873080134391785,0.6942675159235668,0.9036144578313253,0.4594594594594595,0.6521739130434783,0.8095238095238095,0.5405405405405406,0.0963855421686747,0.34782608695652173
