Feature_Recoded,Type,Mean,Standard Deviation,Minimum,25th Percentile,50th Percentile,75th Percentile,Maximum
Gender,Categoric,0.45905707196029777,0.4984092040531609,0.0,0.0,0.0,1.0,1.0
Age,Numeric,61.69429280397023,20.04104616146951,0.0,49.0,63.0,78.0,99.0
Heart Rate,Numeric,90.82182075895074,17.500695870131757,31.5,79.0,89.0,100.0,184.0
Oxygen Saturation,Numeric,95.00927805671752,5.1412871728784015,38.7,94.0,96.0,98.0,115.0
Respiratory Frequency,Numeric,18.178973038993263,2.809756350831713,14.0,16.4,18.0,18.4,40.0
Systolic Blood Pressure (SYS),Numeric,130.22734851896493,18.901039801381327,74.0,120.0,130.0,140.0,483.33334
Temperature,Numeric,98.5924669776671,1.4622450948067278,95.0,97.52,98.384,99.5,104.0
