Feature_Recoded,Type,Mean,Standard Deviation,Minimum,25th Percentile,50th Percentile,75th Percentile,Maximum
Gender,Categoric,0.46060606837272644,0.498527854681015,0.0,0.0,0.0,1.0,1.0
Age,Numeric,61.64564895629883,19.984477996826172,0.0,49.0,63.0,78.0,99.0
Heart Rate,Numeric,90.89779663085938,17.292551040649414,31.5,79.29166793823242,89.83333587646484,100.04061508178711,184.0
Oxygen Saturation,Numeric,95.05052947998047,5.113426685333252,38.70000076293945,94.0,96.0,98.0,115.0
Respiratory Frequency,Numeric,18.28365707397461,2.798126459121704,13.731081008911133,16.53487205505371,18.0,18.799999237060547,40.0
Systolic Blood Pressure (SYS),Numeric,130.08738708496094,18.25453758239746,74.0,120.0,129.62562561035156,138.0,483.3333435058594
Temperature,Numeric,98.58370971679688,1.452520728111267,95.0,97.5199966430664,98.39423370361328,99.5,104.0
